<?xml version="1.0" encoding="UTF-8"?>
<project-private xmlns="http://www.netbeans.org/ns/project-private/1">
    <editor-bookmarks xmlns="http://www.netbeans.org/ns/editor-bookmarks/2" lastBookmarkId="0"/>
    <open-files xmlns="http://www.netbeans.org/ns/projectui-open-files/2">
        <group>
            <file>file:/C:/Users/haiva/Documents/NetBeansProjects/RequestStudent/src/java/controller/Home.java</file>
            <file>file:/C:/Users/haiva/Documents/NetBeansProjects/RequestStudent/web/solveRequest.jsp</file>
            <file>file:/C:/Users/haiva/Documents/NetBeansProjects/RequestStudent/src/java/controller/Login.java</file>
            <file>file:/C:/Users/haiva/Documents/NetBeansProjects/RequestStudent/src/java/dao/AdminDAO.java</file>
            <file>file:/C:/Users/haiva/Documents/NetBeansProjects/RequestStudent/src/java/model/StudentModel.java</file>
            <file>file:/C:/Users/haiva/Documents/NetBeansProjects/RequestStudent/src/java/model/RequestModel.java</file>
            <file>file:/C:/Users/haiva/Documents/NetBeansProjects/RequestStudent/src/java/dal/DBContext.java</file>
            <file>file:/C:/Users/haiva/Documents/NetBeansProjects/RequestStudent/src/java/dao/RequestDAO.java</file>
            <file>file:/C:/Users/haiva/Documents/NetBeansProjects/RequestStudent/web/home.jsp</file>
            <file>file:/C:/Users/haiva/Documents/NetBeansProjects/RequestStudent/src/java/controller/SolveRequest.java</file>
        </group>
    </open-files>
</project-private>
